{
  "twilightforest:alt/entities/animals": {
    "criteria": {
      "7": "2024-06-13 02:25:20 +0000"
    },
    "done": true
  },
  "minecraft:adventure/root": {
    "criteria": {
      "killed_something": "2024-06-13 02:25:28 +0000"
    },
    "done": true
  },
  "twilightforest:alt/entities/penguin": {
    "criteria": {
      "hurt": "2024-06-13 02:25:20 +0000"
    },
    "done": true
  },
  "cfm:root": {
    "criteria": {
      "tick": "2024-06-13 02:20:33 +0000"
    },
    "done": true
  },
  "cfm:install": {
    "criteria": {
      "tick": "2024-06-13 02:20:33 +0000"
    },
    "done": true
  },
  "minecraft:adventure/adventuring_time": {
    "criteria": {
      "forest": "2024-06-13 02:20:33 +0000",
      "beaches": "2024-06-13 02:21:04 +0000"
    },
    "done": false
  }
}